{"weaBus.TDryBul":{"count":7826.0,"mean":284.5927037231,"std":11.304091108,"min":250.35,"25%":275.95,"50%":285.95,"75%":293.75,"max":308.15},"TSup.T":{"count":7826.0,"mean":289.5649568777,"std":4.2135403951,"min":280.140672801,"25%":285.4486309313,"50%":289.6073036507,"75%":293.0710887321,"max":298.9020654738},"TSupEas.T":{"count":7826.0,"mean":290.4883952506,"std":4.3939299298,"min":280.5004423921,"25%":286.3534624899,"50%":290.6887951391,"75%":293.7930236099,"max":311.9941653592},"weaBus.HGloHor":{"count":7826.0,"mean":170.058636675,"std":243.5025796361,"min":0.0,"25%":0.0,"50%":16.7889558233,"75%":282.0931973359,"max":975.2301867124},"weaBus.relHum":{"count":7826.0,"mean":0.698833959,"std":0.1712709722,"min":0.17,"25%":0.57,"50%":0.71,"75%":0.84,"max":1.0},"conVAVEas.TRooHeaSet":{"count":7826.0,"mean":289.8113851265,"std":3.9451943604,"min":285.15,"25%":285.15,"50%":293.15,"75%":293.15,"max":293.15},"conVAVEas.TRooCooSet":{"count":7826.0,"mean":299.7152951699,"std":2.968527871,"min":297.15,"25%":297.15,"50%":297.15,"75%":303.15,"max":303.15},"res.PHea":{"count":7826.0,"mean":9316.5651780801,"std":15947.6253877413,"min":0.0,"25%":0.0,"50%":0.0,"75%":16219.1415364965,"max":88264.7879730007},"res.PFan":{"count":7826.0,"mean":1533.5370418952,"std":2651.4045292857,"min":-0.0,"25%":-0.0,"50%":741.7076308221,"75%":1001.9952928868,"max":9157.5974344303},"res.PCooSen":{"count":7826.0,"mean":-8753.3778171921,"std":16535.3658987733,"min":-151292.7851531413,"25%":-9911.235253703,"50%":-0.0260044769,"75%":0.0071952433,"max":995.4521374499},"res.PCooLat":{"count":7826.0,"mean":-2561.6117185602,"std":8077.0282346575,"min":-71058.8484334497,"25%":0.0,"50%":0.0,"75%":0.0,"max":0.0},"TSupSetHea":{"count":7826.0,"mean":288.9765474049,"std":5.1791092476,"min":280.0008423545,"25%":284.4932084267,"50%":288.8981686242,"75%":293.4257028835,"max":297.9986068827}}